bacen_code,name,international_name,iso3166_alpha2_code,iso3166_alpha3_code,iso3166_numeric_code
132,AFEGANISTAO,Afghanistan,AF,AFG,4
175,"ALBANIA REPUBLICA DA",Albania,AL,ALB,8
230,"ALEMANHA ",Germany,DE,DEU,276
310,"BURKINA FASO ",Burkina Faso,BF,BFA,854
370,ANDORRA,Andorra,AD,AND,20
400,"ANGOLA ",Angola,AO,AGO,24
418,"ANGUILLA ",Anguilla,AI,AIA,660
434,ANTIGUA E BARBUDA,Antigua and Barbuda,AG,ATG,28
477,ANTILHAS HOLANDESAS,,,,
531,"ARABIA SAUDITA ",Saudi Arabia,SA,SAU,682
590,ARGELIA,Algeria,DZ,DZA,12
639,ARGENTINA,Argentina,AR,ARG,32
647,"ARMENIA REPUBLICA DA",Armenia,AM,ARM,51
655,ARUBA,Aruba,AW,ABW,533
698,AUSTRALIA,Australia,AU,AUS,36
728,AUSTRIA,Austria,AT,AUT,40
736,"AZERBAIJAO REPUBLICA DO ",Azerbaijan,AZ,AZE,31
779,"BAHAMAS ILHAS ",Bahamas (the),BS,BHS,44
809,"BAHREIN ILHAS ",Bahrain,BH,BHR,48
817,"BANGLADESH ",Bangladesh,BD,BGD,50
833,"BARBADOS ",Barbados,BB,BRB,52
850,"BELARUS REPUBLICA DA",Belarus,BY,BLR,112
876,BELGICA,Belgium,BE,BEL,56
884,"BELIZE ",Belize,BZ,BLZ,84
906,"BERMUDAS ",Bermuda,BM,BMU,60
930,"MIANMAR (BIRMANIA) ",Myanmar,MM,MMR,104
973,"BOLIVIA ESTADO PLURINACIONAL DA ",Bolivia (Plurinational State of),BO,BOL,68
981,BOSNIA-HERZEGOVINA (REPUBLICA DA),Bosnia and Herzegovina,BA,BIH,70
1015,BOTSUANA,Botswana,BW,BWA,72
1058,BRASIL,Brazil,BR,BRA,76
1082,BRUNEI,Brunei Darussalam,BN,BRN,96
1112,"BULGARIA REPUBLICA DA",Bulgaria,BG,BGR,100
1155,"BURUNDI ",Burundi,BI,BDI,108
1198,"BUTAO ",Bhutan,BT,BTN,64
1279,"CABO VERDE REPUBLICA DE",Cabo Verde,CV,CPV,132
1376,"CAYMAN ILHAS ",Cayman Islands (the),KY,CYM,136
1414,"CAMBOJA ",Cambodia,KH,KHM,116
1457,CAMAROES,Cameroon,CM,CMR,120
1490,CANADA,Canada,CA,CAN,124
1504,"GUERNSEY ILHA DO CANAL (INCLUI ALDERNEY E SARK)",Guernsey,GG,GGY,831
1508,"JERSEY ILHA DO CANAL ",Jersey,JE,JEY,832
1511,"CANARIAS ILHAS ",,,,
1538,"CAZAQUISTAO REPUBLICA DO ",Kazakhstan,KZ,KAZ,398
1546,"CATAR ",Qatar,QA,QAT,634
1589,"CHILE ",Chile,CL,CHL,152
1600,"CHINA REPUBLICA POPULAR",China,CN,CHN,156
1619,FORMOSA (TAIWAN),Taiwan (Province of China),TW,TWN,158
1635,CHIPRE,Cyprus,CY,CYP,196
1651,"COCOS (KEELING) ILHAS",Cocos (Keeling) Islands (the),CC,CCK,166
1694,COLOMBIA,Colombia,CO,COL,170
1732,"COMORES ILHAS",Comoros (the),KM,COM,174
1775,"CONGO ",Congo (the),CG,COG,178
1830,"COOK ILHAS ",Cook Islands (the),CK,COK,184
1872,"COREIA (DO NORTE) REP.POP.DEMOCRATICA",Korea (the Democratic People's Republic of),KP,PRK,408
1902,"COREIA (DO SUL) REPUBLICA DA ",Korea (the Republic of),KR,KOR,410
1937,"COSTA DO MARFIM ",Côte d'Ivoire,CI,CIV,384
1953,CROACIA (REPUBLICA DA),Croatia,HR,HRV,191
1961,COSTA RICA,Costa Rica,CR,CRI,188
1988,"COVEITE ",,,,
1996,CUBA,Cuba,CU,CUB,192
2291,"BENIN ",Benin,BJ,BEN,204
2321,"DINAMARCA ",Denmark,DK,DNK,208
2356,"DOMINICA,ILHA ",Dominica,DM,DMA,212
2399,"EQUADOR ",Ecuador,EC,ECU,218
2402,"EGITO ",Egypt,EG,EGY,818
2437,ERITREIA,Eritrea,ER,ERI,232
2445,EMIRADOS ARABES UNIDOS,United Arab Emirates (the),AE,ARE,784
2453,"ESPANHA ",Spain,ES,ESP,724
2461,"ESLOVENIA REPUBLICA DA ",Slovenia,SI,SVN,705
2470,"ESLOVACA REPUBLICA ",Slovakia,SK,SVK,703
2496,ESTADOS UNIDOS,United States of America (the),US,USA,840
2518,"ESTONIA REPUBLICA DA ",Estonia,EE,EST,233
2534,"ETIOPIA ",Ethiopia,ET,ETH,231
2550,"FALKLAND (ILHAS MALVINAS) ",Falkland Islands (the) [Malvinas],FK,FLK,238
2593,"FEROE ILHAS",Faroe Islands (the),FO,FRO,234
2674,"FILIPINAS ",Philippines (the),PH,PHL,608
2712,"FINLANDIA ",Finland,FI,FIN,246
2755,FRANCA,France,FR,FRA,250
2810,"GABAO ",Gabon,GA,GAB,266
2852,GAMBIA,Gambia (the),GM,GMB,270
2895,GANA,Ghana,GH,GHA,288
2917,"GEORGIA REPUBLICA DA ",Georgia,GE,GEO,268
2933,"GIBRALTAR ",Gibraltar,GI,GIB,292
2976,"GRANADA ",Grenada,GD,GRD,308
3018,GRECIA,Greece,GR,GRC,300
3050,"GROENLANDIA ",Greenland,GL,GRL,304
3093,"GUADALUPE ",Guadeloupe,GP,GLP,312
3131,GUAM,Guam,GU,GUM,316
3174,"GUATEMALA ",Guatemala,GT,GTM,320
3255,"GUIANA FRANCESA ",French Guiana,GF,GUF,254
3298,"GUINE ",Guinea,GN,GIN,324
3310,GUINE-EQUATORIAL,Equatorial Guinea,GQ,GNQ,226
3344,GUINE-BISSAU,Guinea-Bissau,GW,GNB,624
3379,GUIANA,Guyana,GY,GUY,328
3417,"HAITI ",Haiti,HT,HTI,332
3450,HONDURAS,Honduras,HN,HND,340
3514,"HONG KONG ",Hong Kong,HK,HKG,344
3557,"HUNGRIA REPUBLICA DA ",Hungary,HU,HUN,348
3573,"IEMEN ",Yemen,YE,YEM,887
3595,"MAN ILHA DE",Isle of Man,IM,IMN,833
3611,"INDIA ",India,IN,IND,356
3654,"INDONESIA ",Indonesia,ID,IDN,360
3697,IRAQUE,Iraq,IQ,IRQ,368
3727,"IRA REPUBLICA ISLAMICA DO",Iran (Islamic Republic of),IR,IRN,364
3751,"IRLANDA ",Ireland,IE,IRL,372
3794,ISLANDIA,Iceland,IS,ISL,352
3832,ISRAEL,Israel,IL,ISR,376
3867,ITALIA,Italy,IT,ITA,380
3913,"JAMAICA ",Jamaica,JM,JAM,388
3964,"JOHNSTON ILHAS ",,,,
3999,"JAPAO ",Japan,JP,JPN,392
4030,JORDANIA,Jordan,JO,JOR,400
4111,KIRIBATI,Kiribati,KI,KIR,296
4200,"LAOS REP.POP.DEMOCR.DO ",Lao People's Democratic Republic (the),LA,LAO,418
4235,"LEBUAN ILHAS ",,,,
4260,LESOTO,Lesotho,LS,LSO,426
4278,"LETONIA REPUBLICA DA ",Latvia,LV,LVA,428
4316,LIBANO,Lebanon,LB,LBN,422
4340,"LIBERIA ",Liberia,LR,LBR,430
4383,"LIBIA ",Libya,LY,LBY,434
4405,"LIECHTENSTEIN ",Liechtenstein,LI,LIE,438
4421,"LITUANIA REPUBLICA DA",Lithuania,LT,LTU,440
4456,LUXEMBURGO,Luxembourg,LU,LUX,442
4472,"MACAU ",Macao,MO,MAC,446
4499,"MACEDONIA ANT.REP.IUGOSLAVA",Macedonia (the former Yugoslav Republic of),MK,MKD,807
4502,MADAGASCAR,Madagascar,MG,MDG,450
4525,"MADEIRA ILHA DA",,,,
4553,"MALASIA ",Malaysia,MY,MYS,458
4588,MALAVI,Malawi,MW,MWI,454
4618,MALDIVAS,Maldives,MV,MDV,462
4642,MALI,Mali,ML,MLI,466
4677,"MALTA ",Malta,MT,MLT,470
4723,"MARIANAS DO NORTE ",Northern Mariana Islands (the),MP,MNP,580
4740,MARROCOS,Morocco,MA,MAR,504
4766,"MARSHALL ILHAS ",Marshall Islands (the),MH,MHL,584
4774,"MARTINICA ",Martinique,MQ,MTQ,474
4855,MAURICIO,Mauritius,MU,MUS,480
4880,MAURITANIA,Mauritania,MR,MRT,478
4885,"MAYOTTE (ILHAS FRANCESAS) ",Mayotte,YT,MYT,175
4901,"MIDWAY ILHAS ",,,,
4936,MEXICO,Mexico,MX,MEX,484
4944,"MOLDAVIA REPUBLICA DA",Moldova (the Republic of),MD,MDA,498
4952,MONACO,Monaco,MC,MCO,492
4979,MONGOLIA,Mongolia,MN,MNG,496
4985,MONTENEGRO,Montenegro,ME,MNE,499
4995,MICRONESIA,Micronesia (Federated States of),FM,FSM,583
5010,"MONTSERRAT ILHAS ",Montserrat,MS,MSR,500
5053,MOCAMBIQUE,Mozambique,MZ,MOZ,508
5070,"NAMIBIA ",Namibia,NA,NAM,516
5088,"NAURU ",Nauru,NR,NRU,520
5118,"CHRISTMAS ILHA (NAVIDAD) ",Christmas Island,CX,CXR,162
5177,"NEPAL ",Nepal,NP,NPL,524
5215,"NICARAGUA ",Nicaragua,NI,NIC,558
5258,"NIGER ",Niger (the),NE,NER,562
5282,"NIGERIA ",Nigeria,NG,NGA,566
5312,"NIUE,ILHA ",Niue,NU,NIU,570
5355,"NORFOLK ILHA ",Norfolk Island,NF,NFK,574
5380,"NORUEGA ",Norway,NO,NOR,578
5428,NOVA CALEDONIA,New Caledonia,NC,NCL,540
5452,PAPUA NOVA GUINE,Papua New Guinea,PG,PNG,598
5487,"NOVA ZELANDIA ",New Zealand,NZ,NZL,554
5517,"VANUATU ",Vanuatu,VU,VUT,548
5568,"OMA ",Oman,OM,OMN,512
5665,"PACIFICO ILHAS DO (POSSESSAO DOS EUA)",,,,
5738,"PAISES BAIXOS (HOLANDA) ",Netherlands (the),NL,NLD,528
5754,"PALAU ",Palau,PW,PLW,585
5762,"PAQUISTAO ",Pakistan,PK,PAK,586
5780,"PALESTINA ","Palestine State of",PS,PSE,275
5800,PANAMA,Panama,PA,PAN,591
5860,PARAGUAI,Paraguay,PY,PRY,600
5894,PERU,Peru,PE,PER,604
5932,"PITCAIRN ILHA ",Pitcairn,PN,PCN,612
5991,POLINESIA FRANCESA,French Polynesia,PF,PYF,258
6033,"POLONIA REPUBLICA DA ",Poland,PL,POL,616
6076,PORTUGAL,Portugal,PT,PRT,620
6114,PORTO RICO,Puerto Rico,PR,PRI,630
6238,QUENIA,Kenya,KE,KEN,404
6254,"QUIRGUIZ REPUBLICA ",,,,
6289,"REINO UNIDO ",United Kingdom of Great Britain and Northern Ireland (the),GB,GBR,826
6408,"REPUBLICA CENTRO-AFRICANA ",Central African Republic (the),CF,CAF,140
6475,REPUBLICA DOMINICANA,Dominican Republic (the),DO,DOM,214
6602,"REUNIAO ILHA ",Réunion,RE,REU,638
6653,ZIMBABUE,Zimbabwe,ZW,ZWE,716
6700,"ROMENIA ",Romania,RO,ROU,642
6750,RUANDA,Rwanda,RW,RWA,646
6769,"RUSSIA FEDERACAO DA",Russian Federation (the),RU,RUS,643
6777,"SALOMAO ILHAS",Solomon Islands,SB,SLB,90
6858,"SAARA OCIDENTAL ",Western Sahara*,EH,ESH,732
6874,"EL SALVADOR ",El Salvador,SV,SLV,222
6904,"SAMOA ",Samoa,WS,WSM,882
6912,"SAMOA AMERICANA ",American Samoa,AS,ASM,16
6955,"SAO CRISTOVAO E NEVES ILHAS ",Saint Kitts and Nevis,KN,KNA,659
6971,SAN MARINO,San Marino,SM,SMR,674
7005,SAO PEDRO E MIQUELON,Saint Pierre and Miquelon,PM,SPM,666
7056,SAO VICENTE E GRANADINAS,Saint Vincent and the Grenadines,VC,VCT,670
7102,SANTA HELENA,"Saint Helena Ascension and Tristan da Cunha",SH,SHN,654
7153,"SANTA LUCIA ",Saint Lucia,LC,LCA,662
7200,"SAO TOME E PRINCIPE ILHAS",Sao Tome and Principe,ST,STP,678
7285,"SENEGAL ",Senegal,SN,SEN,686
7315,SEYCHELLES,Seychelles,SC,SYC,690
7358,SERRA LEOA,Sierra Leone,SL,SLE,694
7370,SERVIA,Serbia,RS,SRB,688
7412,"CINGAPURA ",Singapore,SG,SGP,702
7447,"SIRIA REPUBLICA ARABE DA ",Syrian Arab Republic,SY,SYR,760
7480,"SOMALIA ",Somalia,SO,SOM,706
7501,"SRI LANKA ",Sri Lanka,LK,LKA,144
7544,"SUAZILANDIA ",Swaziland,SZ,SWZ,748
7560,"AFRICA DO SUL ",South Africa,ZA,ZAF,710
7595,"SUDAO ",Sudan (the),SD,SDN,729
7600,SUDÃO DO SUL,South Sudan,SS,SSD,728
7641,SUECIA,Sweden,SE,SWE,752
7676,"SUICA ",Switzerland,CH,CHE,756
7706,SURINAME,Suriname,SR,SUR,740
7722,"TADJIQUISTAO REPUBLICA DO",Tajikistan,TJ,TJK,762
7765,"TAILANDIA ",Thailand,TH,THA,764
7803,"TANZANIA REP.UNIDA DA","Tanzania United Republic of",TZ,TZA,834
7820,"TERRITORIO BRIT.OC.INDICO ",British Indian Ocean Territory (the),IO,IOT,86
7838,"DJIBUTI ",Djibouti,DJ,DJI,262
7889,"CHADE ",Chad,TD,TCD,148
7919,"TCHECA REPUBLICA ",Czech Republic (the),CZ,CZE,203
7951,"TIMOR LESTE ",Timor-Leste,TL,TLS,626
8001,TOGO,Togo,TG,TGO,768
8052,"TOQUELAU ILHAS ",Tokelau,TK,TKL,772
8109,"TONGA ",Tonga,TO,TON,776
8150,"TRINIDAD E TOBAGO ",Trinidad and Tobago,TT,TTO,780
8206,"TUNISIA ",Tunisia,TN,TUN,788
8230,"TURCAS E CAICOS ILHAS",Turks and Caicos Islands (the),TC,TCA,796
8249,"TURCOMENISTAO REPUBLICA DO ",Turkmenistan,TM,TKM,795
8273,"TURQUIA ",Turkey,TR,TUR,792
8281,TUVALU,Tuvalu,TV,TUV,798
8311,"UCRANIA ",Ukraine,UA,UKR,804
8338,UGANDA,Uganda,UG,UGA,800
8451,"URUGUAI ",Uruguay,UY,URY,858
8478,"UZBEQUISTAO REPUBLICA DO ",Uzbekistan,UZ,UZB,860
8486,"VATICANO EST. DA CIDADE DO ",Holy See (the),VA,VAT,336
8508,"VENEZUELA ",Venezuela (Bolivarian Republic of),VE,VEN,862
8583,VIETNA,Viet Nam,VN,VNM,704
8630,"VIRGENS ILHAS (BRITANICAS) ",Virgin Islands (British),VG,VGB,92
8664,"VIRGENS ILHAS (E.U.A.) ",Virgin Islands (U.S.),VI,VIR,850
8702,FIJI,Fiji,FJ,FJI,242
8737,"WAKE ILHA",,,,
8885,"CONGO REPUBLICA DEMOCRATICA DO ",Congo (the Democratic Republic of the),CD,COD,180
8907,ZAMBIA,Zambia,ZM,ZMB,894
990,"BONAIRE SINT EUSTATIUS AND SABA","Bonaire Sint Eustatius and Saba",BQ,BES,535
2003,CURAÇAO,Curaçao,CW,CUW,531